protein,sample,abundance,intervention,fiber_type,relative_abundance
MYH1,s_42,851332.3311295963,terbutaline,II,14.177994728488146
MYH1,s_16,35490.642755603265,resistance,II,0.9664190446295964
MYH1,s_43,11918.272605543723,terbutaline,I,0.13571307481472542
MYH1,s_18,37490.1892711554,resistance,II,1.2811259492901157
MYH1,s_92,60452.55639139255,terbutaline,II,1.974697995459065
MYH1,s_83,1999.6145531305444,terbutaline,I,0.02945366832042352
MYH1,s_54,555434.335683658,terbutaline,II,10.527153814567496
MYH1,s_14,44981.695849666336,resistance,II,1.4591861411477145
MYH1,s_28,298759.1538462043,resistance,II,6.740541314441932
MYH1,s_10,883242.9567416629,resistance,II,12.255808209454573
MYH1,s_65,14013.255667997348,terbutaline,I,0.13299847662654632
MYH1,s_40,504137.29584038886,resistance,II,17.72402289841495
MYH1,s_9,9456.131451119447,resistance,I,0.13895410272952768
MYH1,s_39,9613.014627976385,resistance,I,0.16624775519558946
MYH1,s_51,19536.98039701891,terbutaline,I,0.2968388511187623
MYH1,s_17,7594.968947612642,resistance,I,0.1062641933707698
MYH1,s_41,10490.236841079808,terbutaline,I,0.15389644658076412
MYH1,s_11,19420.071733885212,resistance,I,0.4054195503224403
MYH1,s_27,126353.53123459715,resistance,I,1.7815850060340983
MYH1,s_91,8224.174879093107,terbutaline,I,0.27252557006213524
MYH1,s_12,226195.1359269355,resistance,II,5.111379623682221
MYH1,s_38,151281.93821123612,resistance,II,4.170213578228503
MYH1,s_44,228160.1021978894,terbutaline,II,4.336152555014959
MYH1,s_82,260042.65778269636,terbutaline,II,6.5802450000272295
MYH1,s_90,361859.33546801546,terbutaline,II,7.248852734156078
MYH1,s_84,142016.4787881474,terbutaline,II,4.364145270958525
MYH1,s_49,16266.487211142245,terbutaline,I,0.16851386246287775
MYH1,s_88,476950.42806460394,terbutaline,II,12.704889480903155
MYH1,s_37,131538.5175534313,resistance,I,2.5457593399588463
MYH1,s_22,380816.4892116944,resistance,II,6.725417650364876
MYH1,s_25,25257.524270978647,resistance,I,0.4262933883847791
MYH1,s_81,6028.577506838566,terbutaline,I,0.0913959838069634
MYH1,s_53,29751.91423556515,terbutaline,I,0.39665024342132144
MYH1,s_61,64369.531334258776,terbutaline,I,0.7085004764391352
MYH1,s_55,57718.633345479946,terbutaline,I,0.8809538428643604
MYH1,s_19,10024.245529555596,resistance,I,0.13685009025063335
MYH1,s_64,16093.030914632203,terbutaline,II,0.40129976172197646
MYH1,s_80,303969.4902952963,terbutaline,II,10.846330520110605
MYH1,s_59,15519.39449085521,terbutaline,I,0.18209479464672784
MYH1,s_60,143538.9478545555,terbutaline,II,3.249835607957018
MYH1,s_87,38449.32999210938,terbutaline,I,0.6698724382514801
MYH1,s_23,11040.553053168158,resistance,I,0.1842767828320551
MYH1,s_85,12736.336504441946,terbutaline,I,0.16957258085012725
MYH1,s_32,69276.38368630841,resistance,II,2.2195384356068395
MYH1,s_26,370980.89588372933,resistance,II,7.083479917565291
MYH1,s_24,455423.1806594789,resistance,II,11.838802585201794
MYH1,s_35,14385.741849295704,resistance,I,0.2092941070690106
MYH1,s_66,407942.49578677583,terbutaline,II,8.367524940771702
MYH1,s_67,9848.551191177115,terbutaline,I,0.10762566940305494
MYH1,s_36,175367.01666438577,resistance,II,3.7976308438757926
MYH1,s_21,13892.852167128553,resistance,I,0.2579511322205961
MYH1,s_47,28841.84670236934,terbutaline,I,0.46517753183769756
MYH1,s_48,25188.83403404301,terbutaline,II,0.6793089178177644
MYH1,s_30,18827.496017219197,resistance,II,0.41302625767193546
MYH1,s_89,5093.190261377076,terbutaline,I,0.05735740411961874
MYH1,s_31,9287.03682021594,resistance,I,0.1364894271137901
MYH1,s_79,16340.721611671483,terbutaline,I,0.25379342093021656
MYH1,s_62,9979.634756559015,terbutaline,II,0.2623263758545512
MYH1,s_63,104371.55056799659,terbutaline,I,1.0915245383138903
MYH1,s_77,23194.23520311003,terbutaline,I,0.2630032881181267
MYH1,s_20,51988.295749458746,resistance,II,1.3061196620656241
MYH1,s_76,550226.7521057457,terbutaline,II,14.67353400033561
MYH1,s_29,34960.02098576902,resistance,I,0.5787287758408508
MYH1,s_45,20730.571953980027,terbutaline,I,0.2787869580960103
MYH1,s_72,412643.79846312985,terbutaline,II,8.351717377812525
MYH1,s_86,80241.12952261636,terbutaline,II,2.5971563015686994
MYH1,s_33,61158.99337570981,resistance,I,1.1044265556338735
MYH1,s_73,154414.745964317,terbutaline,I,2.0405696856373226
MYH1,s_56,1281208.2373343483,terbutaline,II,23.463154739095206
MYH1,s_78,228484.94857157153,terbutaline,II,6.774289825429525
MYH1,s_58,316731.48284861894,terbutaline,II,7.268940239679833
MYH1,s_34,28350.136322670412,resistance,II,0.769755903111228
MYH1,s_71,8199.62761582467,terbutaline,I,0.08669073703314052
MYH1,s_46,139852.7623833686,terbutaline,II,3.1899590561044544
MYH1,s_57,14627.40363719903,terbutaline,I,0.16879134703459653
MYH1,s_69,13058.552261893667,terbutaline,I,0.14666943945824013
MYH1,s_75,22382.861225336484,terbutaline,I,0.3818887516740425
MYH1,s_68,1225855.3435963388,terbutaline,II,18.45182324023599
MYH1,s_74,1214879.847358232,terbutaline,II,23.316886184832796
MYH1,s_70,403014.36365799577,terbutaline,II,8.5978170227102
MYH11,s_43,NA,terbutaline,I,NA
MYH11,s_11,3094.7299361305895,resistance,I,0.06460655945396179
MYH11,s_10,NA,resistance,II,NA
MYH11,s_80,NA,terbutaline,II,NA
MYH11,s_42,2935.1054086377503,terbutaline,II,0.04888092169130633
MYH11,s_57,3032.9215221347013,terbutaline,I,0.03499807087222511
MYH11,s_54,3165.419772364574,terbutaline,II,0.05999423998579339
MYH11,s_59,5256.111369586749,terbutaline,I,0.06167189841389799
MYH11,s_69,3160.3786715553233,terbutaline,I,0.03549635204090982
MYH11,s_30,2403.8962205542725,resistance,II,0.05273522612349419
MYH11,s_79,2428.437305154899,terbutaline,I,0.03771690295180146
MYH11,s_12,5791.627110833133,resistance,II,0.13087463035385652
MYH11,s_26,4144.133492570312,resistance,II,0.07912775751000331
MYH11,s_63,1818.8481447935876,terbutaline,I,0.01902163348828942
MYH11,s_56,3196.4386335069976,terbutaline,II,0.0585373494226332
MYH11,s_51,4680.5014432448415,terbutaline,I,0.07111409454474885
MYH11,s_90,3793.081165191337,terbutaline,II,0.07598390888440532
MYH11,s_58,1982.8645766313127,terbutaline,II,0.045506445968934134
MYH11,s_32,2108.973452693768,resistance,II,0.06756916843587218
MYH11,s_31,2923.569488361889,resistance,I,0.042967022993303086
MYH11,s_29,3321.5623620957363,resistance,I,0.054985199250229384
MYH11,s_68,1605.1039008183313,terbutaline,II,0.02416034943668339
MYH11,s_81,3188.905179986896,terbutaline,I,0.04834525654873175
MYH11,s_82,3829.7464211415017,terbutaline,II,0.09690975301501258
MYH11,s_24,3461.4857435311924,resistance,II,0.08998190717875859
MYH11,s_25,2926.0146555788506,resistance,I,0.04938491550509753
MYH11,s_47,NA,terbutaline,I,NA
MYH11,s_55,4058.357185454922,terbutaline,I,0.06194230789982288
MYH11,s_27,3014.643552070783,resistance,I,0.04250647922878216
MYH11,s_9,3198.081952512546,resistance,I,0.04699454639183013
MYH11,s_89,3587.666217900107,terbutaline,I,0.04040281445342331
MYH11,s_65,3892.3261586725566,terbutaline,I,0.03694169734013625
MYH11,s_41,3336.545647624606,terbutaline,I,0.04894861067513192
MYH11,s_78,NA,terbutaline,II,NA
MYH11,s_77,NA,terbutaline,I,NA
MYH11,s_14,4641.199050870426,resistance,II,0.15055842616454596
MYH11,s_16,2638.1079865747965,resistance,II,0.07183633775166849
MYH11,s_83,2841.6872715706386,terbutaline,I,0.04185712403231676
MYH11,s_22,6956.406470996557,resistance,II,0.1228537633966402
MYH11,s_23,3453.5452154947225,resistance,I,0.05764278280369139
MYH11,s_62,2845.1924521140218,terbutaline,II,0.0747892125091303
MYH11,s_49,4025.6646165739144,terbutaline,I,0.041704166653408245
MYH11,s_53,3738.1876036274903,terbutaline,I,0.0498372310162464
MYH11,s_64,2510.4010861940997,terbutaline,II,0.06259997654017475
MYH11,s_36,2426.7065181509356,resistance,II,0.05255113360342631
MYH11,s_66,NA,terbutaline,II,NA
MYH11,s_28,3124.569612780224,resistance,II,0.07049588370315474
MYH11,s_67,2102.9421158612918,terbutaline,I,0.022981101335819615
MYH11,s_75,3284.518028226566,terbutaline,I,0.05603932745785384
MYH11,s_33,6627.704029666672,resistance,I,0.11968497074957868
MYH11,s_17,NA,resistance,I,NA
MYH11,s_44,NA,terbutaline,II,NA
MYH11,s_45,2310.3763221567433,terbutaline,I,0.0310701889142748
MYH11,s_46,2266.5957824583875,terbutaline,II,0.05169971346694782
MYH11,s_86,1980.3828608505912,terbutaline,II,0.06409884627966358
MYH11,s_48,3149.0600312880006,terbutaline,II,0.08492590641973714
MYH11,s_88,NA,terbutaline,II,NA
MYH11,s_71,2969.579285880077,terbutaline,I,0.031395940039333076
MYH11,s_37,3072.4519086795985,resistance,I,0.05946336699376491
MYH11,s_76,3467.5802466825967,terbutaline,II,0.09247397814421517
MYH11,s_39,7282.033341453164,resistance,I,0.12593569687835493
MYH11,s_74,3286.7255175099726,terbutaline,II,0.06308130386656086
MYH11,s_61,4027.798853318859,terbutaline,I,0.04433304620098451
MYH11,s_92,2448.324408227544,terbutaline,II,0.07997513405154881
MYH11,s_21,5795.720216820322,resistance,I,0.10761019940166813
MYH11,s_60,NA,terbutaline,II,NA
MYH11,s_84,NA,terbutaline,II,NA
MYH11,s_72,4656.500456378269,terbutaline,II,0.09424539015530893
MYH11,s_87,2141.571515042818,terbutaline,I,0.03731091628296398
MYH11,s_35,4083.5002437595845,resistance,I,0.0594096951124972
MYH11,s_91,6904.363341978056,terbutaline,I,0.22879080070050353
MYH11,s_85,2284.484072397532,terbutaline,I,0.030415799702870065
MYH11,s_40,2433.194199344455,resistance,II,0.08554413660981222
MYH11,s_38,6660.799411863343,resistance,II,0.18361052533861488
MYH11,s_18,3334.3274085253215,resistance,II,0.11394163245203069
MYH11,s_34,NA,resistance,II,NA
MYH11,s_70,4259.427181456675,terbutaline,II,0.09086965336749271
MYH11,s_20,1449.8892419170968,resistance,II,0.036426061277553184
MYH11,s_73,2874.864728692504,terbutaline,I,0.03799094302194118
MYH11,s_19,2940.9466975354258,resistance,I,0.040149537418390405
MYH13,s_36,7968.4642485867935,resistance,II,0.1725597332060923
MYH13,s_18,4821.491247042356,resistance,II,0.16476143948447863
MYH13,s_53,10110.989774547243,terbutaline,I,0.13479894179415558
MYH13,s_46,7158.58381589526,terbutaline,II,0.16328307630992844
MYH13,s_91,7789.196928582653,terbutaline,I,0.25811164821951105
MYH13,s_45,10817.220112391282,terbutaline,I,0.14547113783850854
MYH13,s_66,8293.35112656436,terbutaline,II,0.17010932450238228
MYH13,s_85,8644.70115461989,terbutaline,I,0.1150962276283858
MYH13,s_69,9455.968338296596,terbutaline,I,0.10620638091405918
MYH13,s_67,10477.452422352046,terbutaline,I,0.11449834688421016
MYH13,s_37,7858.554784474931,resistance,I,0.1520922511007382
MYH13,s_38,8318.665923223145,resistance,II,0.22931100695796966
MYH13,s_40,4609.452690736262,resistance,II,0.16205514988447856
MYH13,s_41,9132.783948977441,terbutaline,I,0.13398200807378455
MYH13,s_62,6655.315849162528,terbutaline,II,0.17494276388529237
MYH13,s_63,10042.999342925426,terbutaline,I,0.10503034745978669
MYH13,s_92,7964.346738715118,terbutaline,II,0.2601573941432356
MYH13,s_64,8167.473697072162,terbutaline,II,0.20366612516263077
MYH13,s_10,6811.706288081537,resistance,II,0.09451868844087565
MYH13,s_11,34368.62754543323,resistance,I,0.7174903221575986
MYH13,s_12,10868.913850718762,resistance,II,0.24560715932488714
MYH13,s_86,7808.619737288355,terbutaline,II,0.25274078365928404
MYH13,s_80,4576.6634045916,terbutaline,II,0.16330587624853915
MYH13,s_33,6097.071059704654,resistance,I,0.11010264914855508
MYH13,s_32,4834.542673272338,resistance,II,0.15489338084531293
MYH13,s_70,7282.9952637831775,terbutaline,II,0.1553737690312479
MYH13,s_54,11750.832791800342,terbutaline,II,0.22271367882989412
MYH13,s_42,9412.931165755468,terbutaline,II,0.15676191725342456
MYH13,s_61,10378.49187540035,terbutaline,I,0.11423364884012037
MYH13,s_58,6852.110389424095,terbutaline,II,0.15725491033746866
MYH13,s_90,6041.9148611970295,terbutaline,II,0.12103308321306944
MYH13,s_44,11470.030248492674,terbutaline,II,0.2179864073034258
MYH13,s_75,6163.515241524592,terbutaline,I,0.10515979694523511
MYH13,s_76,9842.89787750965,terbutaline,II,0.26249195647926554
MYH13,s_14,6443.999004979489,resistance,II,0.20904045221108492
MYH13,s_34,5573.33452653537,resistance,II,0.1513258032690165
MYH13,s_16,6542.731560382327,resistance,II,0.1781602104925056
MYH13,s_29,11136.18361359192,resistance,I,0.18434857098216434
MYH13,s_30,5162.829471853675,resistance,II,0.11325904059721317
MYH13,s_72,10625.206669916059,terbutaline,II,0.21504921076844052
MYH13,s_73,8826.322095083213,terbutaline,I,0.1166386357107353
MYH13,s_88,6748.806644952956,terbutaline,II,0.17977306970882537
MYH13,s_43,11295.591493090522,terbutaline,I,0.12862262041777112
MYH13,s_89,9960.742391361211,terbutaline,I,0.11217376484149852
MYH13,s_9,8571.103478055313,resistance,I,0.1259489675404329
MYH13,s_24,6895.9240286029735,resistance,II,0.1792607111016207
MYH13,s_25,9133.212999840236,resistance,I,0.15414924577605676
MYH13,s_79,7735.906128175756,terbutaline,I,0.12014904402155864
MYH13,s_78,4297.632154426043,terbutaline,II,0.1274193593896515
MYH13,s_35,7333.7471720354115,resistance,I,0.10669662238629558
MYH13,s_27,11461.136996965572,resistance,I,0.16160205121600563
MYH13,s_59,8230.500116686664,terbutaline,I,0.096571501515156
MYH13,s_19,10867.255455671444,resistance,I,0.14835878525725377
MYH13,s_39,9567.28070865039,resistance,I,0.16545683146162204
MYH13,s_60,7895.510522306615,terbutaline,II,0.17876061948281174
MYH13,s_71,11603.21458691051,terbutaline,I,0.12267523253759284
MYH13,s_57,7325.96574329973,terbutaline,I,0.08453719175398763
MYH13,s_74,5644.750968932691,terbutaline,II,0.10833829877953186
MYH13,s_31,6397.456247609872,resistance,I,0.09402193133562979
MYH13,s_28,8032.949959793106,resistance,II,0.18123773073980415
MYH13,s_26,6269.334671593644,resistance,II,0.11970618092595174
MYH13,s_77,9505.655611583721,terbutaline,I,0.10778620892961466
MYH13,s_21,6988.195768358061,resistance,I,0.12975111150266516
MYH13,s_20,8571.061666674017,resistance,II,0.215333701677198
MYH13,s_56,9676.987277807893,terbutaline,II,0.17721760077024068
MYH13,s_23,6711.2759462956865,resistance,I,0.11201724534321558
MYH13,s_55,8842.033725858251,terbutaline,I,0.13495509401455896
MYH13,s_22,4943.776192739102,resistance,II,0.08730966386179319
MYH13,s_82,5947.660518564179,terbutaline,II,0.15050247418193224
MYH13,s_49,12157.039452799794,terbutaline,I,0.12594173823230928
MYH13,s_83,8944.704149863315,terbutaline,I,0.1317525664343324
MYH13,s_68,16134.701134489706,terbutaline,II,0.24286279365901545
MYH13,s_17,10990.363402282135,resistance,I,0.15377049068281515
MYH13,s_51,8830.948355060676,terbutaline,I,0.13417470411166108
MYH13,s_48,14558.050954951002,terbutaline,II,0.39261102067598586
MYH13,s_47,10567.579899097522,terbutaline,I,0.1704398745922195
MYH13,s_65,9940.551237981139,terbutaline,I,0.0943448262703795
MYH13,s_84,6691.561554409107,terbutaline,II,0.20563069132678455
MYH13,s_87,8975.145079519121,terbutaline,I,0.156366894281697
MYH13,s_81,8525.112243850977,terbutaline,I,0.12924458874547134
MYH14,s_22,8355.346854529671,resistance,II,0.14755977958490374
MYH14,s_19,13115.807309186006,resistance,I,0.17905581110118665
MYH14,s_92,11793.579872851053,terbutaline,II,0.3852402598729685
MYH14,s_21,8293.443666716237,resistance,I,0.15398588843397648
MYH14,s_43,11592.91501287878,terbutaline,I,0.13200823596967856
MYH14,s_44,10564.322013281362,terbutaline,II,0.20077354212508108
MYH14,s_55,9256.264731808747,terbutaline,I,0.14127746125325308
MYH14,s_12,8719.294042446956,resistance,II,0.19703174305150925
MYH14,s_91,11444.608051938154,terbutaline,I,0.3792414897962481
MYH14,s_90,7605.280331491524,terbutaline,II,0.1523507941384274
MYH14,s_18,6649.371242104417,resistance,II,0.2272243008193509
MYH14,s_58,7386.8014327132705,terbutaline,II,0.16952598994536064
MYH14,s_32,5844.548085081793,resistance,II,0.18725283312031746
MYH14,s_20,14166.310570867665,resistance,II,0.35590504571850645
MYH14,s_54,7294.630618876808,terbutaline,II,0.13825522408666102
MYH14,s_17,14557.597047031486,resistance,I,0.20368105759086225
MYH14,s_11,14467.74717962313,resistance,I,0.3020332589970356
MYH14,s_56,5801.38816351353,terbutaline,II,0.10624257963348646
MYH14,s_57,9693.00264781349,terbutaline,I,0.11185135888187207
MYH14,s_29,8341.910822057238,resistance,I,0.13809213215827065
MYH14,s_31,8082.872328603094,resistance,I,0.11879210074449678
MYH14,s_42,7084.459951492913,terbutaline,II,0.11798381451480625
MYH14,s_9,11919.464623473183,resistance,I,0.1751518070928456
MYH14,s_82,6027.965145623858,terbutaline,II,0.15253454124813673
MYH14,s_83,9541.985261431279,terbutaline,I,0.14055032184506136
MYH14,s_46,7088.452728802923,terbutaline,II,0.16168342756097207
MYH14,s_65,10528.738533905342,terbutaline,I,0.09992725594856336
MYH14,s_16,4516.557445112643,resistance,II,0.12298698451809027
MYH14,s_14,5863.0112551824695,resistance,II,0.1901934688622636
MYH14,s_10,8934.67334297681,resistance,II,0.12397680849854537
MYH14,s_53,9632.272320142785,terbutaline,I,0.1284167173323568
MYH14,s_88,7606.796523403687,terbutaline,II,0.2026279953783198
MYH14,s_89,12544.855435566376,terbutaline,I,0.1412749781402099
MYH14,s_62,8361.502748000159,terbutaline,II,0.21979188277798786
MYH14,s_64,8798.356154487288,terbutaline,II,0.21939796468858816
MYH14,s_81,8549.002625572242,terbutaline,I,0.12960677782547605
MYH14,s_80,5588.988242090618,terbutaline,II,0.19942795471952288
MYH14,s_66,7012.365822674705,terbutaline,II,0.14383435538354558
MYH14,s_45,10043.71622140619,terbutaline,I,0.13506897443839255
MYH14,s_28,7656.887600690187,resistance,II,0.17275309073561995
MYH14,s_25,10451.629846419975,resistance,I,0.17640132316900373
MYH14,s_61,11726.61886726396,terbutaline,I,0.12907216942955765
MYH14,s_26,7064.502116660179,resistance,II,0.13488904530179233
MYH14,s_27,12039.34743136234,resistance,I,0.16975481932773437
MYH14,s_86,7391.479876676825,terbutaline,II,0.2392392611350109
MYH14,s_85,8732.718238411173,terbutaline,I,0.11626809396940029
MYH14,s_35,8333.195413149686,resistance,I,0.12123731339667586
MYH14,s_41,8533.763196253021,terbutaline,I,0.12519410684057145
MYH14,s_40,6624.125703896117,resistance,II,0.2328852807093346
MYH14,s_39,8431.963731680089,resistance,I,0.145822626567409
MYH14,s_79,7133.5258674667,terbutaline,I,0.11079326704308105
MYH14,s_78,4288.989424621988,terbutaline,II,0.1271631133789555
MYH14,s_67,10432.476550599064,terbutaline,I,0.11400684735189955
MYH14,s_47,8985.106061712586,terbutaline,I,0.1449168461443919
MYH14,s_48,9230.94186345781,terbutaline,II,0.24894606551574988
MYH14,s_49,10918.670659804095,terbutaline,I,0.11311276626359475
MYH14,s_51,9322.944206867947,terbutaline,I,0.14164993725608044
MYH14,s_34,7749.457407218693,resistance,II,0.21041135454242976
MYH14,s_75,8199.879347097993,terbutaline,I,0.13990354746051642
MYH14,s_74,7979.5042345291595,terbutaline,II,0.15314863642893653
MYH14,s_30,6697.376723959837,resistance,II,0.14692301312858397
MYH14,s_63,12547.762284219163,terbutaline,I,0.1312253229890639
MYH14,s_38,5939.468348536442,resistance,II,0.16372642925780181
MYH14,s_77,9248.021878982003,terbutaline,I,0.10486485721393868
MYH14,s_84,5868.353186935769,terbutaline,II,0.18033362063063313
MYH14,s_87,7644.948467992979,terbutaline,I,0.13319192484270445
MYH14,s_70,7827.454534485843,terbutaline,II,0.16698913961836737
MYH14,s_23,6911.501391570047,resistance,I,0.11535918851568075
MYH14,s_71,10110.095088748778,terbutaline,I,0.10688919494676559
MYH14,s_24,6300.358144725177,resistance,II,0.16377887525062051
MYH14,s_33,7272.849810107681,resistance,I,0.13133519736133942
MYH14,s_73,9969.444193920752,terbutaline,I,0.13174483743585438
MYH14,s_68,17881.893856669823,terbutaline,II,0.2691618928510243
MYH14,s_37,8911.15186956466,resistance,I,0.1724639179738436
MYH14,s_76,16344.194061020302,terbutaline,II,0.4358695507709036
MYH14,s_60,7253.783960667107,terbutaline,II,0.16423142122854356
MYH14,s_36,7550.586454528288,resistance,II,0.16351045113542548
MYH14,s_59,10086.99073071516,terbutaline,I,0.11835439242138929
MYH14,s_72,8474.02933095269,terbutaline,II,0.1715103881047039
MYH14,s_69,8874.684159001097,terbutaline,I,0.09967758483978055
MYH2,s_55,85734.98266136678,terbutaline,I,1.3085646361610388
MYH2,s_60,3641091.7608587337,terbutaline,II,82.43720490599995
MYH2,s_44,4533427.900671758,terbutaline,II,86.15719744648584
MYH2,s_45,329916.34928807284,terbutaline,I,4.4367504981696495
MYH2,s_30,4035476.98865655,resistance,II,88.52786143317452
MYH2,s_59,50653.86527992052,terbutaline,I,0.5943405331725581
MYH2,s_24,2646382.1413363777,resistance,II,68.79315122018457
MYH2,s_92,2621318.878147176,terbutaline,II,85.62604202579688
MYH2,s_61,38073.00590557668,terbutaline,I,0.41906073051078097
MYH2,s_43,50568.16681187967,terbutaline,I,0.5758184623660951
MYH2,s_10,4485591.976168819,resistance,II,62.241713388349964
MYH2,s_23,66741.18795155078,resistance,I,1.1139705899580874
MYH2,s_22,3216776.097709259,resistance,II,56.80994221019498
MYH2,s_58,3428824.5437874766,terbutaline,II,78.69101131651938
MYH2,s_56,3692472.1259485437,terbutaline,II,67.62136109987983
MYH2,s_11,40362.419180624835,resistance,I,0.8426186091569605
MYH2,s_32,2515281.377447161,resistance,II,80.58682333779859
MYH2,s_31,46164.82155525655,resistance,I,0.678473679911695
MYH2,s_29,84392.50652927511,resistance,I,1.3970349735690826
MYH2,s_37,265894.1620171549,resistance,I,5.1460405589620795
MYH2,s_90,3771253.496658463,terbutaline,II,75.54665180902785
MYH2,s_91,43669.26805709114,terbutaline,I,1.4470743079295143
MYH2,s_12,3216995.486045874,resistance,II,72.69513161487257
MYH2,s_28,2349300.4727579467,resistance,II,53.00442410817229
MYH2,s_21,67867.08752219295,resistance,I,1.2601006514907926
MYH2,s_65,43151.62290653181,terbutaline,I,0.40954794849269277
MYH2,s_68,3782640.5532045276,terbutaline,II,56.93707274164454
MYH2,s_57,42677.819986803785,terbutaline,I,0.4924761018936405
MYH2,s_36,3213661.364048192,resistance,II,69.59290150460696
MYH2,s_54,4220092.6415355615,terbutaline,II,79.98346788281998
MYH2,s_69,176631.81618351612,terbutaline,I,1.9838714851818053
MYH2,s_42,4498169.828892494,terbutaline,II,74.9120241178458
MYH2,s_89,62466.8389380603,terbutaline,I,0.7034757276231656
MYH2,s_27,372634.2085582019,resistance,I,5.254142976582655
MYH2,s_33,36363.62839520507,resistance,I,0.6566647788355681
MYH2,s_87,91523.48291020222,terbutaline,I,1.5945416647548023
MYH2,s_20,2212139.274200028,resistance,II,55.57632847178523
MYH2,s_19,65800.57764219539,resistance,I,0.898303514446883
MYH2,s_48,2891266.382814845,terbutaline,II,77.97355903724561
MYH2,s_53,28588.18275289412,terbutaline,I,0.3811354643646269
MYH2,s_67,163006.45703650994,terbutaline,I,1.7813461812831222
MYH2,s_26,3073914.219078843,resistance,II,58.693075252014225
MYH2,s_75,55223.90084439338,terbutaline,I,0.9422113796677685
MYH2,s_38,3114153.237863653,resistance,II,85.84424730921847
MYH2,s_25,77666.27568549952,resistance,I,1.3108418493431033
MYH2,s_83,44621.7506255474,terbutaline,I,0.6572637915361889
MYH2,s_85,241163.13427135133,terbutaline,I,3.21086484092473
MYH2,s_86,2522878.1402981677,terbutaline,II,81.65773461998072
MYH2,s_82,3214743.82212345,terbutaline,II,81.34743023420931
MYH2,s_51,179731.26825020203,terbutaline,I,2.730781425447341
MYH2,s_47,528877.2460561384,terbutaline,I,8.53002980371928
MYH2,s_64,3526527.580676444,terbutaline,II,87.938355760238
MYH2,s_66,3803240.0275870245,terbutaline,II,78.01027378919933
MYH2,s_39,45040.63328583042,resistance,I,0.7789340249795622
MYH2,s_88,2282793.7177908733,terbutaline,II,60.808503747279595
MYH2,s_74,3054015.659742469,terbutaline,II,58.61496155340738
MYH2,s_72,4016500.3503416125,terbutaline,II,81.29208750712728
MYH2,s_18,2543957.2069897247,resistance,II,86.93286577418496
MYH2,s_49,45058.230263515354,terbutaline,I,0.46678402773068794
MYH2,s_71,250924.1322344752,terbutaline,I,2.652900714762533
MYH2,s_16,1870031.4607441707,resistance,II,50.92142258917933
MYH2,s_81,41233.43842743333,terbutaline,I,0.6251177274480108
MYH2,s_76,2720425.953487912,terbutaline,II,72.5487493494838
MYH2,s_14,2531456.540294518,resistance,II,82.1193205534269
MYH2,s_84,2758142.152639567,terbutaline,II,84.75729813037674
MYH2,s_73,208973.04091940136,terbutaline,I,2.761550069279773
MYH2,s_80,2066223.1966640356,terbutaline,II,73.72759581090241
MYH2,s_70,3534267.0497690137,terbutaline,II,75.39925159862206
MYH2,s_34,3045401.071147206,resistance,II,82.68797811678414
MYH2,s_41,52729.913847129894,terbutaline,I,0.7735713208881003
MYH2,s_78,2675399.4091398185,terbutaline,II,79.32220966677296
MYH2,s_17,63126.12207901025,resistance,I,0.8832223659662668
MYH2,s_40,1566018.5052284263,resistance,II,55.0567237834311
MYH2,s_77,31799.709458410525,terbutaline,I,0.3605821910282966
MYH2,s_79,58503.15090339784,terbutaline,I,0.9086327492639575
MYH2,s_35,36315.639651399695,resistance,I,0.5283460146236232
MYH2,s_63,46773.65585591616,terbutaline,I,0.4891619683289109
MYH2,s_9,26914.563038927194,resistance,I,0.39549883340387554
MYH2,s_46,3776199.2440169323,terbutaline,II,86.13287839882608
MYH2,s_62,3226640.45490943,terbutaline,II,84.81601956081225
MYH3,s_62,28125.06731881936,terbutaline,II,0.7393003011019097
MYH3,s_63,2761186.427435748,terbutaline,I,28.876669207303472
MYH3,s_53,2279698.2783960444,terbutaline,I,30.392762962862918
MYH3,s_16,436170.6843646133,resistance,II,11.877036405956233
MYH3,s_64,29548.925624966796,terbutaline,II,0.7368392489483132
MYH3,s_9,1670156.6036529155,resistance,I,24.54228914625679
MYH3,s_51,2266335.369516981,terbutaline,I,34.434000222464626
MYH3,s_49,2779664.9675757755,terbutaline,I,28.796142274534237
MYH3,s_18,34826.9867529852,resistance,II,1.190118197113529
MYH3,s_60,24279.50062580749,terbutaline,II,0.5497071481749732
MYH3,s_75,1876181.3050454322,terbutaline,I,32.01076615204743
MYH3,s_61,2490858.5710884277,terbutaline,I,27.41630159142398
MYH3,s_77,2378607.286816113,terbutaline,I,26.971423377240388
MYH3,s_59,2518117.3394046235,terbutaline,I,29.54600194520744
MYH3,s_17,1197581.2465527703,resistance,I,16.755829554891502
MYH3,s_19,1821069.702626559,resistance,I,24.8610783148073
MYH3,s_66,46964.7334200618,terbutaline,II,0.9633185615319277
MYH3,s_20,319455.8640424323,resistance,II,8.025798483542857
MYH3,s_10,96341.45203304951,resistance,II,1.3368262375884126
MYH3,s_11,909796.299304296,resistance,I,18.993194855474172
MYH3,s_79,2453235.5822183266,terbutaline,I,38.10205360295797
MYH3,s_14,76231.16192930943,resistance,II,2.472904876298938
MYH3,s_78,30412.05105271744,terbutaline,II,0.9016788602700123
MYH3,s_55,1896356.2723126833,terbutaline,I,28.943899893371604
MYH3,s_83,1564860.866527706,terbutaline,I,23.049888718882787
MYH3,s_82,50641.91276761384,terbutaline,II,1.2814674181624985
MYH3,s_31,2306762.9194324175,resistance,I,33.90195984528721
MYH3,s_67,2265443.7807775196,terbutaline,I,24.75693111283168
MYH3,s_68,282959.65714160725,terbutaline,II,4.259166144658889
MYH3,s_76,46923.309113730276,terbutaline,II,1.2513582246837995
MYH3,s_74,60016.7666304268,terbutaline,II,1.151886846873253
MYH3,s_57,2499740.0362107614,terbutaline,I,28.84548060705057
MYH3,s_24,138562.68341645526,resistance,II,3.601960383895724
MYH3,s_58,62176.54532954102,terbutaline,II,1.426942431631244
MYH3,s_26,16390.695325799898,resistance,II,0.312962641644014
MYH3,s_27,1549848.9739008418,resistance,I,21.85287317686793
MYH3,s_65,3412266.3647654844,terbutaline,I,32.38549549868231
MYH3,s_80,81678.0136179554,terbutaline,II,2.9144593790179742
MYH3,s_81,1663193.7921175093,terbutaline,I,25.21477624195443
MYH3,s_92,36565.1974082185,terbutaline,II,1.1944113919366843
MYH3,s_32,37880.78682591062,resistance,II,1.2136583617276018
MYH3,s_34,28038.49106761971,resistance,II,0.7612941880767203
MYH3,s_73,1868180.8474270585,terbutaline,I,24.687753625737482
MYH3,s_12,100568.22133927394,resistance,II,2.2725614997732397
MYH3,s_25,1345294.2474873634,resistance,I,22.705710859986787
MYH3,s_84,52207.85342427155,terbutaline,II,1.604339570820609
MYH3,s_38,29924.494506183884,resistance,II,0.824893802834975
MYH3,s_85,1649602.1226863759,terbutaline,I,21.962931744322148
MYH3,s_86,44214.38901003538,terbutaline,II,1.4310825348620917
MYH3,s_28,71097.93174622717,resistance,II,1.6040966113912616
MYH3,s_90,143894.3500058806,terbutaline,II,2.882526026641464
MYH3,s_91,528479.8495799693,terbutaline,I,17.512306631423964
MYH3,s_30,33522.09004448858,resistance,II,0.7353874029639407
MYH3,s_48,97384.91859578357,terbutaline,II,2.6263400510585084
MYH3,s_23,1704287.4347340276,resistance,I,28.44609359526251
MYH3,s_54,36295.647155055274,terbutaline,II,0.6879118481759677
MYH3,s_72,61338.94301478956,terbutaline,II,1.241471502107267
MYH3,s_56,35174.265619218655,terbutaline,II,0.644156986357551
MYH3,s_87,1553902.637188858,terbutaline,I,27.07242359210742
MYH3,s_89,2348346.18643208,terbutaline,I,26.44610436986346
MYH3,s_37,1020173.5558246046,resistance,I,19.74415103974818
MYH3,s_47,1744214.1261852311,terbutaline,I,28.131666830773305
MYH3,s_71,2636684.235448764,terbutaline,I,27.87640005182445
MYH3,s_36,144999.65665578627,resistance,II,3.140015602370928
MYH3,s_29,1298289.8921571595,resistance,I,21.491912727412668
MYH3,s_69,2649511.3590593236,terbutaline,I,29.75845546105877
MYH3,s_45,1685026.4528082677,terbutaline,I,22.660416708837513
MYH3,s_39,1530559.0772712703,resistance,I,26.469533298124777
MYH3,s_21,959646.7267206494,resistance,I,17.817936641914457
MYH3,s_46,45908.38798935211,terbutaline,II,1.0471432635441897
MYH3,s_35,2010208.1417798563,resistance,I,29.24595217015297
MYH3,s_70,92053.16547011268,terbutaline,II,1.9638413526743077
MYH3,s_88,149689.78640515686,terbutaline,II,3.9874001170618847
MYH3,s_33,1300269.8698305115,resistance,I,23.480644374074444
MYH3,s_44,32363.84894602216,terbutaline,II,0.6150706672444256
MYH3,s_43,2703092.578843308,terbutaline,I,30.78004821043067
MYH3,s_22,120566.4107446725,resistance,II,2.1292656432547705
MYH3,s_41,1744712.1906742635,terbutaline,I,25.5957048938536
MYH3,s_42,56992.62310741248,terbutaline,II,0.9491488581285887
MYH3,s_40,59050.61904546284,resistance,II,2.0760505774179463
MYH4,s_49,1590023.2532202236,terbutaline,I,16.471962036302195
MYH4,s_24,146911.5119071058,resistance,II,3.818989592148571
MYH4,s_92,59432.42772048722,terbutaline,II,1.9413752352352494
MYH4,s_22,1280050.0970537872,resistance,II,22.606351772995772
MYH4,s_20,318857.21629390283,resistance,II,8.010758452248625
MYH4,s_23,373181.4074151228,resistance,I,6.228734089680739
MYH4,s_58,156027.10287468377,terbutaline,II,3.580798714311956
MYH4,s_90,196972.68238658988,terbutaline,II,3.9458038727269296
MYH4,s_26,1303634.2930818798,resistance,II,24.891490201665455
MYH4,s_30,24971.812036816515,resistance,II,0.5478165584749218
MYH4,s_59,1182091.419274161,terbutaline,I,13.86991576077436
MYH4,s_47,437710.3328718111,terbutaline,I,7.059638531690808
MYH4,s_21,428353.197494373,resistance,I,7.953312318792466
MYH4,s_69,1338558.1624202686,terbutaline,I,15.034252758426597
MYH4,s_91,169096.38304411524,terbutaline,I,5.603369196549033
MYH4,s_18,13528.15245588926,resistance,II,0.46228806773528475
MYH4,s_32,229459.29638312873,resistance,II,7.351621153260501
MYH4,s_31,837872.1022592011,resistance,I,12.314012041283824
MYH4,s_17,756909.1600425828,resistance,I,10.59021332432894
MYH4,s_10,1255351.11292653,resistance,II,17.419151047986123
MYH4,s_36,603186.1701869405,resistance,II,13.06219634724754
MYH4,s_57,1373583.1354879483,terbutaline,I,15.850314481881062
MYH4,s_33,859227.9108545106,resistance,I,15.51618281648218
MYH4,s_19,777886.029490512,resistance,I,10.619629480005646
MYH4,s_56,69081.03997866261,terbutaline,II,1.265102021143186
MYH4,s_35,1047170.1106014093,resistance,I,15.234983050833003
MYH4,s_46,78964.40001934406,terbutaline,II,1.8011314089103516
MYH4,s_89,1448645.7196995683,terbutaline,I,16.31404948702984
MYH4,s_70,177276.02644189855,terbutaline,II,3.7819665384284606
MYH4,s_11,347400.19518762,resistance,I,7.252436182773854
MYH4,s_29,310938.1995525438,resistance,I,5.147276189063292
MYH4,s_62,14951.723600672218,terbutaline,II,0.3930235485186927
MYH4,s_16,197429.6227294185,resistance,II,5.376057815961161
MYH4,s_55,547337.433750033,terbutaline,I,8.3539575983978
MYH4,s_77,1315281.959185071,terbutaline,I,14.914200750268403
MYH4,s_64,18114.07825618813,terbutaline,II,0.45169709339290515
MYH4,s_25,449172.1578612893,resistance,I,7.581072439582087
MYH4,s_48,162406.56012758505,terbutaline,II,4.379886121670855
MYH4,s_87,597626.479096201,terbutaline,I,10.411976146215718
MYH4,s_68,503422.8432902631,terbutaline,II,7.577622733394675
MYH4,s_44,13805.393167799344,terbutaline,II,0.2623696705991962
MYH4,s_45,1375376.7643825752,terbutaline,I,18.49621444258009
MYH4,s_51,299562.04102579475,terbutaline,I,4.55145320770536
MYH4,s_12,377535.62429782853,resistance,II,8.531252846539543
MYH4,s_54,114620.15949975706,terbutaline,II,2.1723972966471825
MYH4,s_63,1503342.5062576125,terbutaline,I,15.722054775850447
MYH4,s_37,474901.3227801501,resistance,I,9.191106152882446
MYH4,s_66,271041.8885828201,terbutaline,II,5.559483961916112
MYH4,s_38,NA,resistance,II,NA
MYH4,s_65,1435657.6367693988,terbutaline,I,13.625690073125252
MYH4,s_9,415135.86371685454,resistance,I,6.10025693401228
MYH4,s_72,85057.73572013398,terbutaline,II,1.7215287668856147
MYH4,s_88,247418.90954377572,terbutaline,II,6.590684725863086
MYH4,s_85,1408002.0725851506,terbutaline,I,18.746249771849413
MYH4,s_86,83939.2757644806,terbutaline,II,2.716853816712391
MYH4,s_74,480751.72444577236,terbutaline,II,9.226948052879163
MYH4,s_53,1142153.2462820567,terbutaline,I,15.227099660722878
MYH4,s_28,1236283.3658778956,resistance,II,27.892765783996946
MYH4,s_14,55171.53774529928,resistance,II,1.7897400652213495
MYH4,s_34,50266.19583781283,resistance,II,1.3648153410169157
MYH4,s_42,20686.697761443174,terbutaline,II,0.3445139824801522
MYH4,s_75,413433.1255876158,terbutaline,I,7.053855118961841
MYH4,s_39,850450.8972274531,resistance,I,14.707722607294297
MYH4,s_81,365521.90795404086,terbutaline,I,5.5414787887461205
MYH4,s_83,1304604.602118005,terbutaline,I,19.216399070472868
MYH4,s_67,1378419.8689339824,terbutaline,I,15.063470578839494
MYH4,s_80,44008.30826569098,terbutaline,II,1.5703176546333348
MYH4,s_61,1516316.6449139072,terbutaline,I,16.689745025102024
MYH4,s_60,13672.465201262214,terbutaline,II,0.309555454625725
MYH4,s_71,1559105.418555646,terbutaline,I,16.483675134966287
MYH4,s_27,772102.9725301983,resistance,I,10.886653230293824
MYH4,s_76,45305.40398525436,terbutaline,II,1.2082116749728793
MYH4,s_79,300691.81603421515,terbutaline,I,4.670148996512813
MYH4,s_41,925611.5058228238,terbutaline,I,13.579133037547319
MYH4,s_43,1086914.6327099502,terbutaline,I,12.376669988029343
MYH4,s_78,117388.02323305176,terbutaline,II,3.4804064617230104
MYH4,s_82,150051.77191727443,terbutaline,II,3.796982504035816
MYH4,s_40,382712.86887391616,resistance,II,13.455087944112254
MYH4,s_73,774851.6761935342,terbutaline,I,10.23955860841924
MYH4,s_84,34545.88460339275,terbutaline,II,1.0615898958308632
MYH6,s_64,4791.052450222366,terbutaline,II,0.11947085771913885
MYH6,s_63,531171.9822033236,terbutaline,I,5.555031514665805
MYH6,s_62,6582.867677375469,terbutaline,II,0.17303837892474094
MYH6,s_19,470761.41496960213,resistance,I,6.426792114694142
MYH6,s_66,8419.156309923317,terbutaline,II,0.17268978135673424
MYH6,s_31,452046.00285965705,resistance,I,6.643615305270072
MYH6,s_22,41857.44334039907,resistance,II,0.7392242621200629
MYH6,s_65,672607.822878932,terbutaline,I,6.383656869565993
MYH6,s_53,475296.25939248723,terbutaline,I,6.336613351752372
MYH6,s_17,586374.3156993554,resistance,I,8.204193341793117
MYH6,s_75,436293.25074773654,terbutaline,I,7.443886785272171
MYH6,s_61,513305.94606762595,terbutaline,I,5.649839292124804
MYH6,s_18,8454.869737059202,resistance,II,0.2889223348452948
MYH6,s_69,618012.9946883349,terbutaline,I,6.941322260765058
MYH6,s_9,546287.5569897768,resistance,I,8.027479070718059
MYH6,s_92,13460.598991242581,terbutaline,II,0.4396938596540424
MYH6,s_54,5274.991780921049,terbutaline,II,0.09997698428201265
MYH6,s_29,457261.27962539624,resistance,I,7.569510919479944
MYH6,s_30,3963.804397935742,resistance,II,0.08695555134499319
MYH6,s_57,560513.0634342363,terbutaline,I,6.467980056758018
MYH6,s_10,19022.610376634166,resistance,II,0.2639562111870861
MYH6,s_60,3021.420324720187,terbutaline,II,0.06840735218311754
MYH6,s_33,396388.85041304136,resistance,I,7.158102980275957
MYH6,s_67,636041.7100442728,terbutaline,I,6.950709143199046
MYH6,s_59,542415.0018268726,terbutaline,I,6.364355801972144
MYH6,s_20,71884.57237029875,resistance,II,1.8059805965654103
MYH6,s_51,449692.22777894273,terbutaline,I,6.832484935661111
MYH6,s_68,44700.98482700638,terbutaline,II,0.6728482891566979
MYH6,s_21,463613.9176307292,resistance,I,8.608004571518464
MYH6,s_37,445811.9763302519,resistance,I,8.628119152606683
MYH6,s_55,453397.7115520349,terbutaline,I,6.920164826961403
MYH6,s_28,33989.68108316603,resistance,II,0.766868049585276
MYH6,s_72,11891.245911017799,terbutaline,II,0.24067325254559266
MYH6,s_58,22177.05878057037,terbutaline,II,0.5089601877211551
MYH6,s_16,115625.0451885735,resistance,II,3.1484987881419317
MYH6,s_74,21774.710360807017,terbutaline,II,0.4179165901012149
MYH6,s_82,6951.462302434632,terbutaline,II,0.17590315930664596
MYH6,s_76,3244.2602037283896,terbutaline,II,0.08651844393817351
MYH6,s_36,32458.89028775683,resistance,II,0.7029080226110688
MYH6,s_79,460426.72803217045,terbutaline,I,7.151047375504375
MYH6,s_39,392249.7777263548,resistance,I,6.7835790900801705
MYH6,s_90,18625.315119255432,terbutaline,II,0.3731067660645359
MYH6,s_89,533124.9892386603,terbutaline,I,6.0038333313237535
MYH6,s_40,25162.786268005533,resistance,II,0.8846514703075083
MYH6,s_11,448654.1230738335,resistance,I,9.366245157041577
MYH6,s_56,6602.59813598676,terbutaline,II,0.12091538067772435
MYH6,s_73,569465.66448305815,terbutaline,I,7.525410638074502
MYH6,s_32,12685.742196886438,resistance,II,0.4064370986465589
MYH6,s_43,505635.8219061852,terbutaline,I,5.757662573974051
MYH6,s_81,550353.3456586385,terbutaline,I,8.343607660491509
MYH6,s_44,5178.421948493348,terbutaline,II,0.09841522398788918
MYH6,s_35,481341.1868567431,resistance,I,7.002897379508584
MYH6,s_78,4178.6312621723755,terbutaline,II,0.12389113340080245
MYH6,s_91,366308.7748134087,terbutaline,I,12.138422290674194
MYH6,s_49,543681.4733123727,terbutaline,I,5.632307936443668
MYH6,s_88,44423.896633801894,terbutaline,II,1.1833529520746537
MYH6,s_80,13911.134690425128,terbutaline,II,0.496381280290821
MYH6,s_27,485359.7944633701,resistance,I,6.843573930215287
MYH6,s_71,599198.4378489451,terbutaline,I,6.335038204171811
MYH6,s_12,32191.784211620175,resistance,II,0.7274445986424782
MYH6,s_14,20828.908113637062,resistance,II,0.6756804847072887
MYH6,s_42,5951.754812389762,terbutaline,II,0.0991198680817755
MYH6,s_47,426818.6569292755,terbutaline,I,6.883971453753371
MYH6,s_48,39570.007142964234,terbutaline,II,1.0671497812879804
MYH6,s_34,4343.503456187042,resistance,II,0.11793373363465592
MYH6,s_77,598114.4713001271,terbutaline,I,6.782119403612659
MYH6,s_23,445084.64964770735,resistance,I,7.4288640188614545
MYH6,s_70,30421.84066481853,terbutaline,II,0.6490126484725474
MYH6,s_87,429100.90692371916,terbutaline,I,7.475887637987517
MYH6,s_25,507472.11302856315,resistance,I,8.56505191295804
MYH6,s_46,8230.421995235973,terbutaline,II,0.18773107325040947
MYH6,s_85,435836.5037350688,terbutaline,I,5.8027613153339805
MYH6,s_26,4447.412705703908,resistance,II,0.08491854684574346
MYH6,s_83,425751.5714089483,terbutaline,I,6.271181389206264
MYH6,s_41,505674.29106226977,terbutaline,I,7.41846706615633
MYH6,s_45,473336.6635844821,terbutaline,I,6.365482288138101
MYH6,s_86,21452.32127355047,terbutaline,II,0.6943450535946695
MYH6,s_24,NA,resistance,II,NA
MYH6,s_38,3560.620994721226,resistance,II,0.0981515056898517
MYH6,s_84,9788.200189197602,terbutaline,II,0.30078993600880066
MYH7,s_63,4564400.441032825,terbutaline,I,47.73479992358902
MYH7,s_64,376695.12658873975,terbutaline,II,9.393361967909069
MYH7,s_10,433483.0753591608,resistance,II,6.014976279284737
MYH7,s_19,4123088.474147602,resistance,I,56.28802967114276
MYH7,s_61,4419329.086633034,terbutaline,I,48.64252851495284
MYH7,s_53,3496624.5340216537,terbutaline,I,46.616730661139194
MYH7,s_51,3317027.9344090982,terbutaline,I,50.397898813937424
MYH7,s_36,414388.6133575459,resistance,II,8.973722706643551
MYH7,s_18,254629.14669802794,resistance,II,8.70126328040247
MYH7,s_60,558822.6173822705,terbutaline,II,12.652187212218069
MYH7,s_62,481549.24959293293,terbutaline,II,12.658085443274189
MYH7,s_17,4485539.490638657,resistance,I,62.75894465049504
MYH7,s_20,949170.5264820564,resistance,II,23.846334437772
MYH7,s_9,4095377.5076305224,resistance,I,60.17994883564361
MYH7,s_66,305110.7788791176,terbutaline,II,6.258289044012014
MYH7,s_22,582228.422088982,resistance,II,10.282457344657132
MYH7,s_32,227183.73783416956,resistance,II,7.278714783251947
MYH7,s_11,2898457.3153470554,resistance,I,60.50911024012474
MYH7,s_73,3946180.031976586,terbutaline,I,52.14822779412237
MYH7,s_74,348958.27866090764,terbutaline,II,6.697469288411287
MYH7,s_16,981353.4514430362,resistance,II,26.722498984265446
MYH7,s_76,321417.3531969565,terbutaline,II,8.571608781986322
MYH7,s_55,3462052.8454815974,terbutaline,I,52.8409732117358
MYH7,s_77,4432255.754924584,terbutaline,I,50.25808469724199
MYH7,s_21,3415341.33334121,resistance,I,63.41326843883442
MYH7,s_84,226326.5009212348,terbutaline,II,6.95497971162507
MYH7,s_81,3932241.080472177,terbutaline,I,59.6145677331399
MYH7,s_49,4615090.352392579,terbutaline,I,47.81036561871344
MYH7,s_31,3116965.5236421484,resistance,I,45.80931968841484
MYH7,s_48,427487.04661270464,terbutaline,II,11.528749708029963
MYH7,s_67,4654123.0089462185,terbutaline,I,50.86058797874089
MYH7,s_12,419709.3299338866,resistance,II,9.484261047887207
MYH7,s_14,318919.9207140045,resistance,II,10.34561991608983
MYH7,s_26,428358.9295831442,resistance,II,8.179051560010654
MYH7,s_59,4167067.9239742476,terbutaline,I,48.89374893731713
MYH7,s_85,3724433.7771149036,terbutaline,I,49.58740274885932
MYH7,s_57,4131232.1588446144,terbutaline,I,47.671908036411736
MYH7,s_27,3738337.868166002,resistance,I,52.710570320731875
MYH7,s_83,3405463.0684272666,terbutaline,I,50.16135711648831
MYH7,s_82,234018.42761274608,terbutaline,II,5.921715311415625
MYH7,s_65,4910197.235285726,terbutaline,I,46.60221491000664
MYH7,s_92,221459.91251451027,terbutaline,II,7.234043875425093
MYH7,s_47,2990642.8063435266,terbutaline,I,48.23476990288428
MYH7,s_33,2842369.771733256,resistance,I,51.32832447958461
MYH7,s_37,2794128.040148649,resistance,I,54.07676540341073
MYH7,s_72,304249.7253863831,terbutaline,II,6.157872063430965
MYH7,s_58,335385.97030838457,terbutaline,II,7.697057941549408
MYH7,s_75,3015163.518239442,terbutaline,I,51.4436925861012
MYH7,s_25,3476925.9194605188,resistance,I,58.68312806385192
MYH7,s_41,3538111.584875301,terbutaline,I,51.905672747660894
MYH7,s_86,298826.20859534945,terbutaline,II,9.672076843192333
MYH7,s_28,399709.20730685623,resistance,II,9.01815522948513
MYH7,s_78,292977.16579744517,terbutaline,II,8.686402521272042
MYH7,s_80,267717.4128894334,terbutaline,II,9.55277302128847
MYH7,s_30,404869.0105048782,resistance,II,8.881772281520197
MYH7,s_44,404265.4900590719,terbutaline,II,7.683012151281527
MYH7,s_46,300297.23128904984,terbutaline,II,6.84960279760278
MYH7,s_39,2899091.3265140546,resistance,I,50.13696990924304
MYH7,s_54,298778.4968233589,terbutaline,II,5.6627525352270105
MYH7,s_71,4359943.357437425,terbutaline,I,46.09559370105395
MYH7,s_56,340745.67255542363,terbutaline,II,6.2401787694396305
MYH7,s_88,518220.36230861617,terbutaline,II,13.804227950064346
MYH7,s_79,3110965.2228594013,terbutaline,I,48.31748101873814
MYH7,s_40,277475.4048380663,resistance,II,9.755240228554507
MYH7,s_69,4064295.0978952455,terbutaline,I,45.64884926338114
MYH7,s_45,3500465.3753304286,terbutaline,I,47.07463431665814
MYH7,s_87,2983976.439437224,terbutaline,I,51.98747477734975
MYH7,s_91,1853221.5747391963,terbutaline,I,61.410448285961074
MYH7,s_90,461921.6585047316,terbutaline,II,9.25332511564814
MYH7,s_70,412405.29905828624,terbutaline,II,8.798161108491492
MYH7,s_24,423038.38772456406,resistance,II,10.996954417166268
MYH7,s_68,708154.9568762189,terbutaline,II,10.65929202759153
MYH7,s_34,492540.8009552279,resistance,II,13.373346242262679
MYH7,s_38,286033.5136152623,resistance,II,7.884753833872946
MYH7,s_23,3351113.1988989804,resistance,I,55.93310011059056
MYH7,s_29,3808749.3662680886,resistance,I,63.05010111756546
MYH7,s_89,4430209.724437348,terbutaline,I,49.891191268891205
MYH7,s_43,4369897.886387498,terbutaline,I,49.75991894262947
MYH7,s_35,3247192.8423667,resistance,I,47.242494237952265
MYH7,s_42,531495.207284973,terbutaline,II,8.851462550593471
MYH8,s_25,NA,resistance,I,NA
MYH8,s_26,4799.708775370214,resistance,II,0.09164526016766229
MYH8,s_27,2081.2734263837915,resistance,I,0.029345958863770078
MYH8,s_22,8769.54366840988,resistance,II,0.15487471116405163
MYH8,s_11,NA,resistance,I,NA
MYH8,s_54,7075.328105637703,terbutaline,II,0.13409878084850996
MYH8,s_23,3081.4388753864064,resistance,I,0.05143199255646783
MYH8,s_73,1880.779235429825,terbutaline,I,0.0248542395949744
MYH8,s_61,NA,terbutaline,I,NA
MYH8,s_21,NA,resistance,I,NA
MYH8,s_53,7325.503639970853,terbutaline,I,0.09766305384494602
MYH8,s_32,3339.092077125621,resistance,II,0.10698080371472002
MYH8,s_31,NA,resistance,I,NA
MYH8,s_10,6407.4989580889105,resistance,II,0.08890994004901692
MYH8,s_60,4652.073475020519,terbutaline,II,0.10532663263822448
MYH8,s_33,5067.365512315575,resistance,I,0.09150793252145503
MYH8,s_48,NA,terbutaline,II,NA
MYH8,s_24,3151.2716415824666,resistance,II,0.08191783914691501
MYH8,s_28,5787.918281614814,resistance,II,0.1305857972871417
MYH8,s_51,9139.21071712306,terbutaline,I,0.1388583473123123
MYH8,s_18,1814.6554579151382,resistance,II,0.06201094850019073
MYH8,s_62,4722.89670194377,terbutaline,II,0.12414686564977144
MYH8,s_20,2375.245114084778,resistance,II,0.059674092043375614
MYH8,s_59,6807.1967563306125,terbutaline,I,0.0798713568492831
MYH8,s_80,1191.1425581513445,terbutaline,II,0.042502706010819236
MYH8,s_17,6069.04478914947,resistance,I,0.08491438918295552
MYH8,s_9,5283.371297759324,resistance,I,0.07763704659373961
MYH8,s_49,16842.664899566444,terbutaline,I,0.17448281731348536
MYH8,s_72,9142.908730733197,terbutaline,II,0.18504819414374662
MYH8,s_91,NA,terbutaline,I,NA
MYH8,s_92,8147.671687958024,terbutaline,II,0.2661457498290366
MYH8,s_12,6798.68136403388,resistance,II,0.1536312496271176
MYH8,s_29,7097.305121240231,resistance,I,0.11748890843790805
MYH8,s_30,7926.870243515042,resistance,II,0.1738949007736191
MYH8,s_66,6102.700634645407,terbutaline,II,0.12517573014297886
MYH8,s_19,4232.572752344159,resistance,I,0.05778269910118101
MYH8,s_38,4587.774509750627,resistance,II,0.12646585428921805
MYH8,s_78,2386.006875673406,terbutaline,II,0.07074208696165438
MYH8,s_68,7018.887004600871,terbutaline,II,0.10564971065193758
MYH8,s_34,5129.169262894689,resistance,II,0.13926593767426215
MYH8,s_36,NA,resistance,II,NA
MYH8,s_47,3373.5418924848786,terbutaline,I,0.05441038180708013
MYH8,s_90,5754.2917052216335,terbutaline,II,0.11527134737750706
MYH8,s_45,5408.362147482816,terbutaline,I,0.07273223501625886
MYH8,s_74,NA,terbutaline,II,NA
MYH8,s_14,2336.3939465497288,resistance,II,0.07579157705527163
MYH8,s_65,8616.26211972488,terbutaline,I,0.0817761242132675
MYH8,s_16,2079.2265489726283,resistance,II,0.0566178569620122
MYH8,s_67,6333.338639418763,terbutaline,I,0.06921117607981972
MYH8,s_37,NA,resistance,I,NA
MYH8,s_71,NA,terbutaline,I,NA
MYH8,s_39,2972.566058127029,resistance,I,0.051407644059546176
MYH8,s_40,NA,resistance,II,NA
MYH8,s_35,NA,resistance,I,NA
MYH8,s_55,7713.372491151519,terbutaline,I,0.11772844822661266
MYH8,s_43,8137.696863942952,terbutaline,I,0.0926637525308948
MYH8,s_44,7374.66414987072,terbutaline,II,0.14015451644610524
MYH8,s_46,NA,terbutaline,II,NA
MYH8,s_69,NA,terbutaline,I,NA
MYH8,s_56,7716.16124416099,terbutaline,II,0.14130839935921552
MYH8,s_64,6493.463620504159,terbutaline,II,0.16192259975647952
MYH8,s_58,6576.150100513205,terbutaline,II,0.15092166291104603
MYH8,s_89,7080.363842778261,terbutaline,I,0.0797361318550795
MYH8,s_70,4430.136003092426,terbutaline,II,0.09451151664815781
MYH8,s_79,NA,terbutaline,I,NA
MYH8,s_87,5951.246385375174,terbutaline,I,0.10368388545716417
MYH8,s_57,8065.709192463674,terbutaline,I,0.09307338152090312
MYH8,s_84,5128.024136837789,terbutaline,II,0.1575834190307328
MYH8,s_86,4818.718283722843,terbutaline,II,0.15596695398620583
MYH8,s_77,5465.78058711759,terbutaline,I,0.061977394553255176
MYH8,s_82,3529.2574652221915,terbutaline,II,0.08930603535341354
MYH8,s_41,NA,terbutaline,I,NA
MYH8,s_63,11421.26967610053,terbutaline,I,0.11944438922599175
MYH8,s_75,NA,terbutaline,I,NA
MYH8,s_88,3942.9797787843554,terbutaline,II,0.10503213618691988
MYH8,s_42,7250.341544460503,terbutaline,II,0.12074638826497397
MYH8,s_85,1588.0881630047888,terbutaline,I,0.021143930071597858
MYH8,s_76,3985.8651820598857,terbutaline,II,0.10629568272694473
MYH8,s_81,NA,terbutaline,I,NA
MYH8,s_83,2714.382382958232,terbutaline,I,0.03998196466278327
MYH9,s_70,14165.597870599244,terbutaline,II,0.30220565193567434
MYH9,s_69,21831.024580474925,terbutaline,I,0.2451990139336467
MYH9,s_71,19743.737955687855,terbutaline,I,0.20874108866413799
MYH9,s_21,16054.080022931968,resistance,I,0.29807904589049355
MYH9,s_67,14515.998295973137,terbutaline,I,0.15863186405095853
MYH9,s_23,19681.95695209896,resistance,I,0.3285096035955397
MYH9,s_36,15793.046527847035,resistance,II,0.3420036546992111
MYH9,s_39,27083.943946958025,resistance,I,0.4683905161156285
MYH9,s_68,53170.96023339945,terbutaline,II,0.8003400767190111
MYH9,s_58,13206.193083334285,terbutaline,II,0.30308015942422334
MYH9,s_22,11027.035787201376,resistance,II,0.19474319840500193
MYH9,s_20,30304.130608856336,resistance,II,0.7613409953036218
MYH9,s_73,21619.666190305612,terbutaline,I,0.28570092296580557
MYH9,s_65,15531.324101029908,terbutaline,I,0.1474063197282224
MYH9,s_24,16741.667167033782,resistance,II,0.4352024687251551
MYH9,s_11,74095.70153652868,resistance,I,1.5468452644976602
MYH9,s_38,17217.91059452467,resistance,II,0.47462615431164684
MYH9,s_84,13449.780468130253,terbutaline,II,0.4133097533912366
MYH9,s_26,17264.847612667545,resistance,II,0.32965363634920075
MYH9,s_12,19950.42441681074,resistance,II,0.450823986245389
MYH9,s_37,14676.188846893318,resistance,I,0.28403881636268213
MYH9,s_60,12578.342344443243,terbutaline,II,0.2847836454915737
MYH9,s_78,13012.257143002173,terbutaline,II,0.38579697140137964
MYH9,s_66,11179.102958090984,terbutaline,II,0.22930051118325612
MYH9,s_63,14920.194853333614,terbutaline,I,0.15603637878531196
MYH9,s_19,25195.741893853912,resistance,I,0.34396998177462174
MYH9,s_72,16245.254404048284,terbutaline,II,0.3287963469185598
MYH9,s_44,15199.675377014853,terbutaline,II,0.2888678195115684
MYH9,s_10,11542.527945755046,resistance,II,0.160163189160669
MYH9,s_9,12919.076656603767,resistance,I,0.18984070961702273
MYH9,s_83,17672.77994899715,terbutaline,I,0.2603142681186571
MYH9,s_92,18313.560737536525,terbutaline,II,0.5982170785962053
MYH9,s_27,18963.97292733444,resistance,I,0.26739205063803234
MYH9,s_33,16780.289990868638,resistance,I,0.3030232653324393
MYH9,s_34,15611.271115210473,resistance,II,0.4238733796279378
MYH9,s_64,12487.391100385603,terbutaline,II,0.3113886439227287
MYH9,s_62,13867.964277205976,terbutaline,II,0.36453566669149184
MYH9,s_40,16148.600641085524,resistance,II,0.5677385305581034
MYH9,s_17,18508.99596395063,resistance,I,0.25896663169772316
MYH9,s_79,21130.402774821352,terbutaline,I,0.32818362207608154
MYH9,s_45,22558.732042696283,terbutaline,I,0.30337225131305956
MYH9,s_46,18189.325226529352,terbutaline,II,0.41488778442388974
MYH9,s_25,20616.69255586063,resistance,I,0.34796600144312334
MYH9,s_57,15476.496792223981,terbutaline,I,0.178589365941386
MYH9,s_91,22624.461723192355,terbutaline,I,0.7497097786838236
MYH9,s_90,14231.786096518956,terbutaline,II,0.28509454212158775
MYH9,s_74,12992.574476545102,terbutaline,II,0.24936324441987043
MYH9,s_59,16455.040707544144,terbutaline,I,0.19307307770992038
MYH9,s_35,17093.561247980553,resistance,I,0.2486894089650777
MYH9,s_77,15517.704609879203,terbutaline,I,0.17595783179334185
MYH9,s_18,16840.48470922307,resistance,II,0.5754780751722828
MYH9,s_85,17822.709316863242,terbutaline,I,0.23729294648803176
MYH9,s_49,19178.662525101015,terbutaline,I,0.19868275535009478
MYH9,s_80,13645.583323674437,terbutaline,II,0.48690579677750184
MYH9,s_42,13291.961027450157,terbutaline,II,0.22136285265756034
MYH9,s_43,22909.87148175639,terbutaline,I,0.26087413883729554
MYH9,s_56,8836.476612162163,terbutaline,II,0.16182507422128808
MYH9,s_55,19366.08644962508,terbutaline,I,0.2955826791137403
MYH9,s_61,16933.718468458326,terbutaline,I,0.18638550497576123
MYH9,s_14,15782.092517560064,resistance,II,0.511964038814813
MYH9,s_32,13312.27903862716,resistance,II,0.4265106435917477
MYH9,s_16,20508.99274270135,resistance,II,0.5584649821420193
MYH9,s_51,17819.59717629115,terbutaline,I,0.2707454604405767
MYH9,s_41,18092.82232965473,terbutaline,I,0.26542976172350674
MYH9,s_82,16084.247595782008,terbutaline,II,0.4070035690443831
MYH9,s_54,16423.65387913007,terbutaline,II,0.31127771452950037
MYH9,s_89,18683.044046463954,terbutaline,I,0.21040072185874556
MYH9,s_76,28606.71346075394,terbutaline,II,0.7628883564780927
MYH9,s_48,37766.93631509483,terbutaline,II,1.0185233902778466
MYH9,s_28,18530.285005050395,resistance,II,0.41807640046143785
MYH9,s_75,24768.78407715282,terbutaline,I,0.4225965544119391
MYH9,s_86,16025.787074345202,terbutaline,II,0.5187049850289387
MYH9,s_87,20506.586106124487,terbutaline,I,0.35727012246878215
MYH9,s_81,17272.517524985997,terbutaline,I,0.2618592412933847
MYH9,s_88,16274.18666195011,terbutaline,II,0.43350782547920913
MYH9,s_29,16341.682444067885,resistance,I,0.2705204862401285
MYH9,s_31,17714.708068482676,resistance,I,0.2603489576451379
MYH9,s_30,14603.753210975981,resistance,II,0.32036833422657135
MYH9,s_53,17873.76836038247,terbutaline,I,0.23829171174899194
MYH9,s_47,20149.27489823658,terbutaline,I,0.32497884279757233
